<?xml version="1.0" ?>
<S:Envelope xmlns:S="http://schemas.xmlsoap.org/soap/envelope/">
	<S:Body>
		<ns2:addEntryResponse xmlns:ns2="http://chat.ds.htw.de/"/>
	</S:Body>
</S:Envelope>


<?xml version="1.0" ?>
<S:Envelope xmlns:S="http://schemas.xmlsoap.org/soap/envelope/">
	<S:Body>
		<ns2:getEntriesResponse xmlns:ns2="http://chat.ds.htw.de/">
			<return alias="12661@tabernakel" content="Chabos wissen wer der Babo ist!" timestamp="1385669794513"/>
			<return alias="12661@tabernakel" content="Aloa!" timestamp="1385669411709"/>
		</ns2:getEntriesResponse>
	</S:Body>
</S:Envelope>

